UT,作者英文,作者中文
WOS:000521736500010,"Cao, Xudong",曹旭东
WOS:000521736500010,"Liu, Peng",刘鹏
WOS:000432601300030,"Wang, Sake",汪萨克
WOS:000388046900035,"Hu, Xiaohong",胡小红
WOS:000365351600058,"Zhang, Xiaojuan",张小娟
WOS:000460227000001,"Wang, Sake",汪萨克
WOS:000445170200140,"Hu, Xiaohong",胡小红
WOS:001115089000001,"Zhang, Chaolong",张朝龙
WOS:000390967200009,"Hu, Xiaohong",胡小红
WOS:001225544000001,"Yang, Zhong",杨忠
WOS:001225544000001,"Zhang, Chaolong",张朝龙
WOS:000766635400028,"Yan, Hao",阎浩
WOS:000487349600007,"Wang, Sake",汪萨克
WOS:000901231500003,"Zhou, Guangyao",周光耀
WOS:001006492400001,"Yang, Zhong",杨忠
WOS:001006492400001,"Zhang, Chaolong",张朝龙
WOS:000410253800063,"Hu, Xiaohong",胡小红
WOS:000582725100018,"Wang, Xiaoqiu",王晓秋
WOS:000370717900011,"Huang, Yong",黄勇
WOS:000370717900011,"Wang, Xiaoqiu",王晓秋
WOS:000459584100012,"Wang, Sake",汪萨克
